"","Runner_Full_Name","Target.Base","Count","avg_LeadGained","avg_FirstMove","avg_atRelease"
"1","Abrams, CJ","2B",35,9.68571428571429,12.3828571428571,22.0628571428571
"2","Abrams, CJ","3B",5,13.94,15.58,29.52
"3","Acuña Jr., Ronald","2B",58,11.0534482758621,11.7086206896552,22.7586206896552
"4","Acuña Jr., Ronald","3B",10,18.74,14.2,32.96
"5","Albies, Ozzie","2B",14,10.6285714285714,11.1,21.7214285714286
"6","Altuve, Jose","2B",12,12.575,10.8833333333333,23.4416666666667
"7","Altuve, Jose","3B",1,14.1,13.8,27.9
"8","Anderson, Tim","2B",8,11.8,10.8625,22.6625
"9","Anderson, Tim","3B",2,14.15,14.05,28.2
"10","Andrus, Elvis","2B",9,11.2666666666667,11.5222222222222,22.7555555555556
"11","Andrus, Elvis","3B",3,16.2333333333333,16.9333333333333,33.1333333333333
"12","Arozarena, Randy","2B",24,10.9041666666667,11.9083333333333,22.8208333333333
"13","Arozarena, Randy","3B",4,11.525,17.175,28.7
"14","Azócar, José","2B",8,9.525,12.2125,21.75
"15","Azócar, José","3B",2,16.1,11.8,27.9
"16","Baddoo, Akil","2B",14,9.67857142857143,11.7857142857143,21.4785714285714
"17","Bader, Harrison","2B",21,10.6809523809524,10.5571428571429,21.247619047619
"18","Bader, Harrison","3B",1,15.8,15.5,31.2
"19","Bae, Ji Hwan","2B",20,10.46,11.8,22.25
"20","Bae, Ji Hwan","3B",6,13.75,13.65,27.4333333333333
"21","Bellinger, Cody","2B",20,10.72,11.815,22.53
"22","Bellinger, Cody","3B",2,9.6,16.35,25.9
"23","Benintendi, Andrew","2B",11,11.6454545454545,10.2181818181818,21.8636363636364
"24","Benintendi, Andrew","3B",2,15.75,15.65,31.35
"25","Benson, Will","2B",15,9.85333333333333,11.6066666666667,21.46
"26","Benson, Will","3B",3,12,13.7666666666667,25.8
"27","Berti, Jon","2B",16,9.2125,12.5875,21.8125
"28","Berti, Jon","3B",3,15.4666666666667,14.7666666666667,30.2333333333333
"29","Betts, Mookie","2B",14,13.9642857142857,12.7857142857143,26.75
"30","Betts, Mookie","3B",2,10.3,14.8,25.05
"31","Bichette, Bo","2B",7,13.3857142857143,12.9428571428571,26.3428571428571
"32","Bichette, Bo","3B",1,3,11.7,14.7
"33","Blanco, Dairon","2B",19,8.44736842105263,11.3421052631579,19.7842105263158
"34","Blanco, Dairon","3B",8,13.3375,14.8875,28.2625
"35","Bogaerts, Xander","2B",12,11.575,11.475,23.0416666666667
"36","Bogaerts, Xander","3B",6,14.4333333333333,17.7166666666667,32.1666666666667
"37","Brennan, Will","2B",14,9.31428571428571,11.75,21.0714285714286
"38","Brennan, Will","3B",1,1.4,12.5,13.9
"39","Buxton, Byron","2B",8,10.3125,10.5125,20.825
"40","Báez, Javier","2B",11,9.15454545454545,10.6181818181818,19.7818181818182
"41","Báez, Javier","3B",1,16.6,12.2,28.9
"42","Caballero, José","2B",19,11.2263157894737,12.7315789473684,23.9578947368421
"43","Caballero, José","3B",4,17.325,17.25,34.575
"44","Call, Alex","2B",13,11.5076923076923,12,23.5
"45","Carroll, Corbin","2B",35,11.1771428571429,11.1685714285714,22.36
"46","Carroll, Corbin","3B",14,15.7857142857143,13.3428571428571,29.15
"47","Castellanos, Nick","2B",9,9.57777777777778,11.2444444444444,20.8333333333333
"48","Castro, Willi","2B",22,10.1318181818182,12.0772727272727,22.2318181818182
"49","Castro, Willi","3B",5,15.72,12.3,28.02
"50","Chisholm Jr., Jazz","2B",17,10.9941176470588,10.7352941176471,21.7176470588235
"51","Chisholm Jr., Jazz","3B",5,13.84,12.32,26.14
"52","De La Cruz, Elly","2B",29,7.87586206896552,11.3137931034483,19.1965517241379
"53","De La Cruz, Elly","3B",7,13.0285714285714,13.9285714285714,26.9428571428571
"54","DeJong, Paul","2B",7,13.9428571428571,11.5428571428571,25.5
"55","Doyle, Brenton","2B",23,8.89565217391304,13.6260869565217,22.5086956521739
"56","Doyle, Brenton","3B",1,18.3,20.2,38.5
"57","Dubón, Mauricio","2B",8,10.125,12.4,22.5125
"58","Dubón, Mauricio","3B",1,19.7,16,35.6
"59","Duran, Ezequiel","2B",11,9.94545454545455,11.3,21.2636363636364
"60","Duran, Ezequiel","3B",1,11.5,12.5,24
"61","Duran, Jarren","2B",21,11.0809523809524,12.0285714285714,23.1047619047619
"62","Duran, Jarren","3B",1,11.8,15.4,27.2
"63","Edman, Tommy","2B",20,11.065,11.285,22.345
"64","Edman, Tommy","3B",4,19.3,13.85,33.125
"65","Estrada, Thairo","2B",23,12.4347826086957,10.8130434782609,23.2478260869565
"66","Estrada, Thairo","3B",2,9.8,14.3,24.15
"67","Fairchild, Stuart","2B",8,11.075,12.55,23.625
"68","Fairchild, Stuart","3B",4,15.625,15.825,31.425
"69","Fraley, Jake","2B",16,9.6625,12.33125,21.99375
"70","Fraley, Jake","3B",5,14.22,17.1,31.34
"71","Franco, Wander","2B",28,9.86785714285714,12.7607142857143,22.6285714285714
"72","Franco, Wander","3B",4,19.725,14.875,34.6
"73","Frazier, Adam","2B",11,13.2272727272727,12.1363636363636,25.3545454545455
"74","Frazier, Adam","3B",1,18.4,14.8,33.2
"75","Freeman, Freddie","2B",20,11.755,12.17,23.92
"76","Frelick, Sal","2B",7,9.92857142857143,10.9857142857143,20.9285714285714
"77","Friedl, TJ","2B",23,9.68260869565217,11.5130434782609,21.195652173913
"78","Friedl, TJ","3B",3,17.2666666666667,14.5333333333333,31.8333333333333
"79","Garcia, Maikel","2B",16,10.33125,12.13125,22.45625
"80","Garcia, Maikel","3B",9,15.3222222222222,15.7888888888889,31.1
"81","García Jr., Luis","2B",8,10.25,11.075,21.3375
"82","García, Adolis","2B",9,11.0111111111111,10.7666666666667,21.7888888888889
"83","Gelof, Zack","2B",10,11.55,11.33,22.9
"84","Gelof, Zack","3B",4,15.625,15.5,31.125
"85","Giménez, Andrés","2B",27,12.8037037037037,12.4222222222222,25.2259259259259
"86","Giménez, Andrés","3B",3,15.9333333333333,14.2,30.1333333333333
"87","Grisham, Trent","2B",12,11.35,11.6416666666667,22.9916666666667
"88","Haggerty, Sam","2B",8,12.6125,11.1875,23.7875
"89","Haggerty, Sam","3B",2,17.2,14.35,31.55
"90","Happ, Ian","2B",8,11.3625,11.1375,22.4875
"91","Happ, Ian","3B",1,15.6,21.5,37.2
"92","Harris II, Michael","2B",13,11.9076923076923,10.8615384615385,22.7692307692308
"93","Hayes, Ke'Bryan","2B",9,10.4555555555556,10.6444444444444,21.1
"94","Hayes, Ke'Bryan","3B",5,23.28,16.92,40.18
"95","Henderson, Gunnar","2B",12,7.65,11.8416666666667,19.4666666666667
"96","Henderson, Gunnar","3B",1,3.5,13.6,17.1
"97","Hoerner, Nico","2B",34,11.2382352941176,11.45,22.6852941176471
"98","Hoerner, Nico","3B",8,19.0125,14.15,33.175
"99","India, Jonathan","2B",7,13.8142857142857,13.2571428571429,27.0857142857143
"100","India, Jonathan","3B",5,16.02,19.76,35.78
"101","Jankowski, Travis","2B",17,10.3941176470588,11.5823529411765,21.9705882352941
"102","Jankowski, Travis","3B",1,15.4,12.9,28.3
"103","Jones, Nolan","2B",17,9.79411764705882,11.8117647058824,21.6176470588235
"104","Jones, Nolan","3B",2,15.05,16,31.05
"105","Julks, Corey","2B",17,9.1235294117647,11.7235294117647,20.8529411764706
"106","Kelenic, Jarred","2B",18,9.00555555555555,11.9444444444444,20.9555555555556
"107","Kemp, Tony","2B",18,11.1944444444444,11.7,22.9111111111111
"108","Kim, Ha-Seong","2B",28,10.7678571428571,12.225,22.9857142857143
"109","Kim, Ha-Seong","3B",8,20.425,16.0375,36.4625
"110","Kiner-Falefa, Isiah","2B",18,10.3388888888889,11.1222222222222,21.4555555555556
"111","Kwan, Steven","2B",13,13.1923076923077,12.2,25.3769230769231
"112","Kwan, Steven","3B",2,13.85,17.15,31
"113","Lindor, Francisco","2B",19,12.4263157894737,11.2789473684211,23.7157894736842
"114","Lindor, Francisco","3B",6,13.95,14.15,28.0833333333333
"115","Lopez, Nicky","2B",7,9.17142857142857,11.2857142857143,20.5142857142857
"116","Lowe, Josh","2B",23,11.404347826087,11.4739130434783,22.8695652173913
"117","Lowe, Josh","3B",4,16.775,16,32.775
"118","Madrigal, Nick","2B",8,11.9875,12.6125,24.6
"119","Margot, Manuel","2B",8,10.3,11.875,22.175
"120","Margot, Manuel","3B",1,14.4,14.1,28.5
"121","Marsh, Brandon","2B",10,9.77,11.03,20.82
"122","Marte, Starling","2B",21,9.58095238095238,10.6428571428571,20.2238095238095
"123","Marte, Starling","3B",1,13.9,16.8,30.7
"124","Mastrobuoni, Miles","2B",10,12.1,11.14,23.24
"125","Mastrobuoni, Miles","3B",1,13.3,17.7,31
"126","Mateo, Jorge","2B",20,12.505,12.945,25.47
"127","Mateo, Jorge","3B",14,13.2357142857143,15.5714285714286,28.8
"128","McCarthy, Jake","2B",20,11.215,12.1,23.315
"129","McCarthy, Jake","3B",2,18.3,15.7,34.05
"130","McCormick, Chas","2B",23,8.89565217391304,12.6695652173913,21.5608695652174
"131","McKinstry, Zach","2B",15,10.1333333333333,12.2066666666667,22.3666666666667
"132","McKinstry, Zach","3B",1,18.4,10.1,28.5
"133","McLain, Matt","2B",14,9.77857142857143,12.3142857142857,22.0857142857143
"134","McLain, Matt","3B",2,16.9,15.85,32.75
"135","Meadows, Parker","2B",8,11.7875,11.6875,23.4375
"136","Meadows, Parker","3B",1,21.6,17.9,39.5
"137","Merrifield, Whit","2B",18,11.2111111111111,11.9,23.1111111111111
"138","Merrifield, Whit","3B",11,18.1090909090909,16.6545454545455,34.8
"139","Miller, Owen","2B",11,12,11.4727272727273,23.4727272727273
"140","Moniak, Mickey","2B",7,11.1,10.6285714285714,21.7142857142857
"141","Mullins, Cedric","2B",17,9.52352941176471,12.6,22.1294117647059
"142","Mullins, Cedric","3B",2,14.1,14.65,28.75
"143","Naylor, Josh","2B",7,12.8571428571429,10.4571428571429,23.3142857142857
"144","Naylor, Josh","3B",2,20.2,13.35,33.5
"145","Nootbaar, Lars","2B",9,14.0333333333333,11.9111111111111,25.9222222222222
"146","Nootbaar, Lars","3B",2,22.45,14.25,36.75
"147","Ohtani, Shohei","2B",13,13.1769230769231,11.3846153846154,24.5692307692308
"148","Ohtani, Shohei","3B",6,14.25,15.6166666666667,29.85
"149","Olivares, Edward","2B",12,10.0083333333333,10.875,20.8833333333333
"150","Outman, James","2B",17,12.0058823529412,11.1470588235294,23.1647058823529
"151","Perdomo, Geraldo","2B",11,13.8363636363636,12.3272727272727,26.1636363636364
"152","Perdomo, Geraldo","3B",5,16.36,16.26,32.62
"153","Peterson, Jace","2B",13,11.5461538461538,11.6846153846154,23.2307692307692
"154","Peña, Jeremy","2B",19,9.68947368421053,11.1578947368421,20.8421052631579
"155","Peña, Jeremy","3B",1,19.6,14.5,34.1
"156","Pham, Tommy","2B",12,12.7416666666667,11.4166666666667,24.1666666666667
"157","Pham, Tommy","3B",5,15.12,16.4,31.54
"158","Raley, Luke","2B",12,11.2333333333333,11.5916666666667,22.8083333333333
"159","Ramírez, José","2B",19,11.7052631578947,12.3526315789474,24.0631578947368
"160","Ramírez, José","3B",1,16.4,15.2,31.6
"161","Realmuto, J.T.","2B",11,10.2,11.2454545454545,21.4454545454545
"162","Realmuto, J.T.","3B",5,15.86,14.58,30.42
"163","Refsnyder, Rob","2B",7,17.7285714285714,13.6,31.3428571428571
"164","Rengifo, Luis","2B",8,9.6375,11.85,21.4625
"165","Reyes, Pablo","2B",9,8.68888888888889,11.3777777777778,20.0777777777778
"166","Reyes, Pablo","3B",1,12.8,18.7,31.5
"167","Robert Jr., Luis","2B",15,10.3066666666667,11.6866666666667,22.0066666666667
"168","Robert Jr., Luis","3B",4,16.3,14.475,30.8
"169","Rodríguez, Julio","2B",31,9.53870967741936,12.1677419354839,21.7129032258065
"170","Rodríguez, Julio","3B",6,16.9833333333333,15.8333333333333,32.8
"171","Rojas, Johan","2B",14,10.4642857142857,12.1214285714286,22.5857142857143
"172","Rojas, Johan","3B",4,20.45,18.5,38.95
"173","Rojas, Miguel","2B",7,12.0571428571429,11.8428571428571,23.9
"174","Rojas, Miguel","3B",3,16.5666666666667,16.8333333333333,33.4
"175","Rosario, Amed","2B",10,10.54,11.17,21.69
"176","Rosario, Amed","3B",1,19.3,15.1,34.4
"177","Ruiz, Esteury","2B",47,8.6,12.5787234042553,21.1893617021277
"178","Ruiz, Esteury","3B",22,14.0318181818182,14.9818181818182,29.0136363636364
"179","Semien, Marcus","2B",12,12.05,10.6416666666667,22.7
"180","Semien, Marcus","3B",1,19.2,14.9,34.1
"181","Siri, Jose","2B",9,9.85555555555556,10.8333333333333,20.7111111111111
"182","Siri, Jose","3B",4,14.175,14.725,28.925
"183","Springer, George","2B",17,10.8294117647059,12.2,23.0294117647059
"184","Springer, George","3B",3,18.3333333333333,17.7,36
"185","Steer, Spencer","2B",8,14.675,11.775,26.4375
"186","Steer, Spencer","3B",4,17.825,15.325,33.15
"187","Story, Trevor","2B",8,10.9,13.3625,24.2625
"188","Story, Trevor","3B",2,14.15,19.25,33.45
"189","Stott, Bryson","2B",28,10.4678571428571,11.3892857142857,21.85
"190","Stott, Bryson","3B",1,18,19.3,37.3
"191","Straw, Myles","2B",18,12.5333333333333,12.2722222222222,24.8
"192","Straw, Myles","3B",4,18.075,13.15,31.2
"193","Suwinski, Jack","2B",10,11.69,10.67,22.33
"194","Suwinski, Jack","3B",3,13.1666666666667,16.2333333333333,29.4333333333333
"195","Suzuki, Seiya","2B",10,9.73,11.27,20.97
"196","Suzuki, Seiya","3B",1,20,16.3,36.3
"197","Tapia, Raimel","2B",11,10.6090909090909,11.8090909090909,22.4181818181818
"198","Tapia, Raimel","3B",1,10,16.5,26.5
"199","Tatis Jr., Fernando","2B",19,10.9526315789474,11.5315789473684,22.4736842105263
"200","Tatis Jr., Fernando","3B",8,17.125,12.55,29.675
"201","Tauchman, Mike","2B",7,11.2857142857143,12.8714285714286,24.1714285714286
"202","Tauchman, Mike","3B",1,9.2,14.6,23.7
"203","Taveras, Leody","2B",11,9.85454545454546,9.92727272727273,19.7909090909091
"204","Taveras, Leody","3B",5,19.26,14.42,33.66
"205","Taylor, Chris","2B",15,12.8666666666667,12.5466666666667,25.3933333333333
"206","Taylor, Chris","3B",3,22.0333333333333,16.4333333333333,38.4666666666667
"207","Taylor, Michael A.","2B",11,11.4363636363636,14.1090909090909,25.5
"208","Taylor, Michael A.","3B",3,14.4666666666667,17.5,32
"209","Thomas, Lane","2B",12,9.39166666666667,10.6,19.9833333333333
"210","Thomas, Lane","3B",4,13.625,14.85,28.5
"211","Torres, Gleyber","2B",13,14.9384615384615,10.6538461538462,25.6
"212","Torres, Gleyber","3B",3,20.1,14.6666666666667,34.8
"213","Tovar, Ezequiel","2B",12,11.15,11.175,22.3083333333333
"214","Tovar, Ezequiel","3B",2,15.6,15.1,30.7
"215","Tucker, Kyle","2B",23,10.1521739130435,10.804347826087,20.9652173913043
"216","Tucker, Kyle","3B",7,17.6142857142857,15.2428571428571,32.8428571428571
"217","Turang, Brice","2B",22,11.1318181818182,11.7090909090909,22.8363636363636
"218","Turang, Brice","3B",2,19.3,15.45,34.75
"219","Turner, Trea","2B",16,12.38125,12.55625,24.95625
"220","Turner, Trea","3B",8,16.0125,16.65,32.6375
"221","Varsho, Daulton","2B",11,11.5363636363636,11.3363636363636,22.8818181818182
"222","Varsho, Daulton","3B",2,22.25,16.15,38.4
"223","Velazquez, Andrew","2B",12,10.4833333333333,10.65,21.1416666666667
"224","Velazquez, Andrew","3B",2,14.95,12.4,27.35
"225","Vierling, Matt","2B",11,10.7818181818182,10.8090909090909,21.6181818181818
"226","Volpe, Anthony","2B",16,11.70625,9.06875,20.76875
"227","Volpe, Anthony","3B",9,18.9777777777778,15.8444444444444,34.8333333333333
"228","Walls, Taylor","2B",13,11.2461538461538,11.4,22.6615384615385
"229","Walls, Taylor","3B",8,16.7,16.35,33.05
"230","Waters, Drew","2B",13,11.2615384615385,11.7846153846154,23.0461538461538
"231","Waters, Drew","3B",2,13.6,15.35,28.95
"232","Wendle, Joey","2B",7,9.65714285714286,11.9428571428571,21.6142857142857
"233","Wendle, Joey","3B",1,11.6,17.3,28.8
"234","Wiemer, Joey","2B",11,10.0636363636364,12.4636363636364,22.5181818181818
"235","Wiemer, Joey","3B",3,19.1333333333333,10.6666666666667,29.8
"236","Witt Jr., Bobby","2B",44,8.925,11.5977272727273,20.5340909090909
"237","Witt Jr., Bobby","3B",4,16.575,15.925,32.5
"238","Wong, Connor","2B",7,9.42857142857143,11.4714285714286,20.9285714285714
"239","Yelich, Christian","2B",20,11.995,11.885,23.885
"240","Yelich, Christian","3B",3,20.7,17.1666666666667,37.8666666666667
"241","Young, Jacob","2B",12,9.69166666666667,12.5916666666667,22.275
"242","Young, Jacob","3B",1,21.7,14.3,36.1
